,Date,Time,Building,Action Required,Coments
,03/06/2025,12:00,Falcon 1-6,N|A,None
,03/06/2025,12:20,Falcon 7-12,N|A,None
,03/06/2025,12:50,Martlett,N|A,None
,03/06/2025,13:10,Merlin,N|A,None
,03/06/2025,13:30,Oak Lodge,N|A,None
,03/06/2025,14:00,NorthWood,N|A,None
,03/05/2025,11:20,Falcon 1-6,N|A,None
,03/05/2025,11:40,Falcon 7-12,N|A,None
,03/05/2025,12:00,Martlett,N|A,None
,03/05/2025,12:20,Merlin,N|A,None
,03/05/2025,12:40,Oak Lodge,N|A,None
,03/05/2025,13:00,NorthWood,N|A,None
,03/04/2025,11:00,Falcon 1-6,N|A,None
,03/04/2025,11:20,Falcon 7-12,N|A,None
,03/04/2025,11:40,Martlett,N|A,None
,03/04/2025,12:00,Merlin,N|A,None
,03/04/2025,12:20,Oak Lodge,N|A,None
,03/04/2025,12:40,NorthWood,N|A,None
,03/03/2025,11:00,Falcon 1-6,N|A,none
,03/03/2025,11:10,Falcon 7-12,N|A,None
,03/03/2025,11:00,Falcon 1-6,N|A,None
,03/03/2025,12:00,Martlett,N|A,None
,03/03/2025,11:00,Falcon 1-6,N|A,None
,03/03/2025,11:20,Falcon 7-12,N|A,None
,03/03/2025,11:45,Martlett,N|A,None
,03/03/2025,12:10,Merlin,N|A,None
,03/03/2025,12:30,Oak Lodge,N|A,None
,03/03/2025,13:00,NorthWood,N|A,None
,03/02/2025,12:00,Falcon 1-6,N|A,None
,03/02/2025,12:20,Falcon 7-12,N|A,None
,03/02/2025,12:50,Martlett,N|A,None
,03/02/2025,13:20,Merlin,N|A,None
,03/02/2025,13:45,Oak Lodge,N|A,None
,03/02/2025,14:00,NorthWood,N|A,None