,Date ,Time ,Building ,Call Point ,Location ,Further action required,Comments ,id
,19/02/2026,11:50,NorthWood,069,6F,N|A,None,9476
,19/02/2026,11:40,Oak Lodge,055,3F,N|A,None,9477
,19/02/2026,11:30,Merlin,063,6F,N|A,None,9478
,19/02/2026,11:20,Martlett,048,GF | 10-12,N|A,None,9479
,19/02/2026,11:10,Falcon 7-12,003,GF,N|A,None,9480
,19/02/2026,11:00,Falcon 1-6,003,GF,N|A,None,9481
,12/02/2026,11:50,NorthWood,061,5F,N|A,None,9482
,12/02/2026,11:40,Oak Lodge,047,2F,N|A,None,9483
,12/02/2026,11:30,Merlin,057,5F,N|A,None,9484
,12/02/2026,11:20,Martlett,044,2F | 7-9,N|A,None,9485
,12/02/2026,11:10,Falcon 7-12,021,2F,N|A,None,9486
,12/02/2026,11:00,Falcon 1-6,021,2F,N|A,None,9487
,05/02/2026,11:50,NorthWood,053,4F,N|A,None,9488
,05/02/2026,11:40,Oak Lodge,039,1F,N|A,None,9489
,05/02/2026,11:30,Merlin,049,4F,N|A,None,9490
,05/02/2026,11:20,Martlett,039,1F | 7-9,N|A,None,9491
,05/02/2026,11:10,Falcon 7-12,014,1F,N|A,None,9492
,05/02/2026,11:00,Falcon 1-6,014,1F,N|A,None,9493
,29/01/2026,11:50,NorthWood,045,3F,N|A,None,9494
,29/01/2026,11:40,Oak Lodge,026,GF,N|A,None,9495
,29/01/2026,11:30,Merlin,041,3F,N|A,None,9496
,29/01/2026,11:20,Martlett,032,GF | 7-9,N|A,None,9497
,29/01/2026,11:10,Falcon 7-12,003,GF,N|A,None,9498
,29/01/2026,11:00,Falcon 1-6,003,GF,N|A,None,9499
,29/01/2026,11:50,NorthWood,045,3F,N|A,None,9500
,22/01/2026,11:40,Oak Lodge,080,6F REAR,N|A,None,9501
,22/01/2026,11:30,Merlin,033,2F,N|A,None,9502
,22/01/2026,11:20,Martlett,026,2F | 1-6,N|A,None,9503
,22/01/2026,11:10,Falcon 7-12,021,2F,N|A,None,9504
,22/01/2026,11:00,Falcon 1-6,021,2F,N|A,None,9505
,15/01/2026,11:50,NorthWood,029,1F,N|A,None,9506
,15/01/2026,11:40,Oak Lodge,072,5F REAR,N|A,None,9507
,15/01/2026,11:30,Merlin,025,1F,N|A,None,9508
,15/01/2026,11:20,Martlett,019,1F | 1-6,N|A,None,9509
,15/01/2026,11:10,Falcon 7-12,014,1F,N|A,None,9510
,15/01/2026,11:00,Falcon 1-6,014,1F,N|A,None,9511
,08/01/2026,11:50,NorthWood,013,GF,N|A,None,9512
,08/01/2026,11:40,Oak Lodge,064,4F REAR,N|A,None,9513
,08/01/2026,11:30,Merlin,009,GF,N|A,None,9514
,08/01/2026,11:20,Martlett,007,GF | 1-6,N|A,None,9515
,08/01/2026,11:10,Falcon 7-12,003,GF,N|A,None,9516
,08/01/2026,11:00,Falcon 1-6,003,GF,N|A,None,9517
,18/12/2025,11:50,NorthWood,054,4F REAR,N|A,None,9518
,18/12/2025,11:40,Oak Lodge,L1/40,1F REAR,N|A,None,9519
,18/12/2025,11:30,Merlin,050,4F REAR,N|A,None,9520
,18/12/2025,11:20,Martlett,064,GF | 13-16,N|A,None,9521
,18/12/2025,11:10,Falcon 7-12,003,GF,N|A,None,9522
,18/12/2025,11:00,Falcon 1-6,003,GF,N|A,None,9523
,11/12/2025,11:50,NorthWood,046,3F REAR,N|A,None,9524
,11/12/2025,11:40,Oak Lodge,023,Garage,N|A,None,9525
,11/12/2025,11:30,Merlin,042,3F REAR,N|A,None,9526
,11/12/2025,11:20,Martlett,060,2F | 10-12,N|A,None,9527
,11/12/2025,11:10,Falcon 7-12,021,2F,N|A,None,9528
,11/12/2025,11:00,Falcon 1-6,021,2F,N|A,None,9529
,11/12/2025,11:50,NorthWood,038,2F REAR,N|A,None,9530
,04/12/2025,11:40,Oak Lodge,031,GF REAR,N|A,None,9531
,04/12/2025,11:30,Merlin,034,2F REAR,N|A,None,9532
,04/12/2025,11:20,Martlett,055,1F | 10-12,N|A,None,9533
,04/12/2025,11:10,Falcon 7-12,014,1F,N|A,None,9534
,04/12/2025,11:00,Falcon 1-6,014,1F,N|A,None,9535
,04/12/2025,11:50,NorthWood,038,2F REAR,N|A,None,9536
,04/12/2025,11:40,Oak Lodge,031,GF REAR,N|A,None,9537
,04/12/2025,11:30,Merlin,034,2F REAR,N|A,None,9538
,04/12/2025,11:20,Martlett,055,1F | 10-12,N|A,None,9539
,04/12/2025,11:10,Falcon 7-12,014,1F,N|A,None,9540
,04/12/2025,11:00,Falcon 1-6,014,1F,N|A,None,9541
,27/11/2025,12:00,NorthWood,030,1F REAR,N|A,None,9542
,27/11/2025,11:50,Oak Lodge,009,LIFT ROOM,N|A,None,9543
,27/11/2025,11:40,Merlin,026,1F REAR,N|A,None,9544
,27/11/2025,11:30,Martlett,048,GF | 10-12,N|A,None,9545
,27/11/2025,11:20,Falcon 7-12,003,GF,N|A,None,9546
,27/11/2025,11:10,Falcon 1-6,003,GF,N|A,None,9547
,27/11/2025,12:00,NorthWood,020,GF REAR,N|A,None,9548
,20/11/2025,11:50,Oak Lodge,012,BOILER,N|A,None,9549
,20/11/2025,11:40,Merlin,016,GF REAR,N|A,None,9550
,20/11/2025,11:30,Martlett,044,2F | 7-9,N|A,None,9551
,20/11/2025,11:20,Falcon 7-12,021,2F,N|A,None,9552
,20/11/2025,11:00,Falcon 1-6,021,2F,N|A,None,9553
,13/11/2025,12:10,NorthWood,008,LIFT BASEMENT,N|A,None,9554
,13/11/2025,12:00,Oak Lodge,079,6F,N|A,None,9555
,13/11/2025,11:50,Merlin,008,LIFT BASEMENT,N|A,None,9556
,13/11/2025,11:40,Martlett,039,1F | 7-9,N|A,None,9557
,13/11/2025,11:30,Falcon 7-12,014,1F,N|A,None,9558
,13/11/2025,11:20,Falcon 1-6,014,1F,N|A,None,9559
,06/11/2025,11:50,NorthWood,021,BOILER,N|A,None,9560
,06/11/2025,11:40,Oak Lodge,071,5F,N|A,None,9561
,06/11/2025,11:30,Merlin,020,BOILER,N|A,None,9562
,06/11/2025,11:20,Martlett,032,GF | 7-9,N|A,None,9563
,06/11/2025,11:10,Falcon 7-12,003,GF,N|A,None,9564
,06/11/2025,11:00,Falcon 1-6,003,GF,N|A,None,9565
,30/10/2025,11:50,NorthWood,069,6F,N|A,None,9566
,30/10/2025,11:40,Oak Lodge,063,4F,N|A,None,9567
,30/10/2025,11:30,Merlin,063,6F,N|A,None,9568
,30/10/2025,11:20,Martlett,026,2F | 1-6,N|A,None,9569
,30/10/2025,11:10,Falcon 7-12,021,2F,N|A,None,9570
,30/10/2025,11:00,Falcon 1-6,021,2F,N|A,None,9571
,23/10/2025,11:50,NorthWood,061,5F,N|A,None,9572
,23/10/2025,11:40,Oak Lodge,055,3F,N|A,None,9573
,23/10/2025,11:30,Merlin,057,5F,N|A,None,9574
,23/10/2025,11:20,Martlett,019,1F | 1-6,N|A,None,9575
,23/10/2025,11:10,Falcon 7-12,014,1F,N|A,None,9576
,23/10/2025,11:00,Falcon 1-6,014,1F,N|A,None,9577
,16/10/2025,11:50,NorthWood,053,4F,N|A,None,9578
,16/10/2025,11:40,Oak Lodge,047,2F,N|A,None,9579
,16/10/2025,11:30,Merlin,049,4F,N|A,None,9580
,16/10/2025,11:20,Martlett,007,GF | 1-6,N|A,None,9581
,16/10/2025,11:10,Falcon 7-12,003,GF,N|A,None,9582
,16/10/2025,11:00,Falcon 1-6,003,GF,N|A,None,9583
,16/10/2025,11:50,NorthWood,053,4F,N|A,None,9584
,16/10/2025,11:40,Oak Lodge,047,2F,N|A,None,9585
,16/10/2025,11:30,Merlin,049,4F,N|A,None,9586
,09/10/2025,11:20,Martlett,076,2F | 13-16,N|A,None,9587
,09/10/2025,11:50,NorthWood,045,3F,N|A,None,9588
,09/10/2025,11:10,Falcon 7-12,021,2F,N|A,None,9589
,09/10/2025,11:00,Falcon 1-6,021,2F,N|A,None,9590
,09/10/2025,11:20,Martlett,076,2F | 13-16,N|A,None,9591
,09/10/2025,11:10,Falcon 7-12,021,2F,N|A,None,9592
,09/10/2025,11:00,Falcon 1-6,021,2F,N|A,None,9593
,09/10/2025,11:50,NorthWood,045,3F,N|A,None,9594
,09/10/2025,11:40,Oak Lodge,039,1F,N|A,None,9595
,09/10/2025,11:30,Merlin,033,2F,N|A,None,9596
,02/10/2025,11:20,Martlett,071,1F | 13-16,N|A,None,9597
,02/10/2025,11:10,Falcon 7-12,014,1F,N|A,None,9598
,02/10/2025,11:00,Falcon 1-6,014,1F,N|A,None,9599
,02/10/2025,11:50,NorthWood,037,2F,N|A,None,9600
,02/10/2025,11:40,Oak Lodge,026,GF,N|A,None,9601
,02/10/2025,11:30,Merlin,033,2F,N|A,None,9602
,02/10/2025,11:20,Martlett,071,1F | 13-16,N|A,None,9603
,02/10/2025,11:10,Falcon 7-12,014,1F,N|A,None,9604
,02/10/2025,11:00,Falcon 1-6,014,1F,N|A,None,9605
,25/09/2025,11:50,NorthWood,029,1F,N|A,None,9606
,25/09/2025,11:40,Oak Lodge,080,6F REAR,N|A,None,9607
,25/09/2025,11:30,Merlin,025,1F,N|A,None,9608
,25/09/2025,11:20,Martlett,064,GF | 13-16,N|A,None,9609
,25/09/2025,11:10,Falcon 7-12,003,GF,N|A,None,9610
,25/09/2025,11:00,Falcon 1-6,003,GF,N|A,None,9611
,18/09/2025,11:50,NorthWood,013,GF,N|A,None,9612
,18/09/2025,11:40,Oak Lodge,072,5F REAR,N|A,None,9613
,18/09/2025,11:30,Merlin,009,GF,N|A,None,9614
,18/09/2025,11:20,Martlett,060,2F | 10-12,N|A,None,9615
,18/09/2025,11:10,Falcon 7-12,021,2F,N|A,None,9616
,18/09/2025,11:00,Falcon 1-6,021,2F,N|A,None,9617
,11/09/2025,12:00,NorthWood,013,GF,N|A,None,9618
,11/09/2025,11:50,Oak Lodge,072,5F REAR,N|A,None,9619
,11/09/2025,11:40,Merlin,009,GF,N|A,None,9620
,11/09/2025,11:30,Martlett,060,2F | 10-12,N|A,None,9621
,11/09/2025,11:20,Falcon 7-12,021,2F,N|A,None,9622
,11/09/2025,11:10,Falcon 1-6,021,2F,N|A,None,9623
,04/09/2025,11:50,NorthWood,070,6F REAR,N|A,None,9624
,04/09/2025,11:40,Oak Lodge,064,4F REAR,N|A,None,9625
,04/09/2025,11:30,Merlin,064,6F REAR,N|A,None,9626
,04/09/2025,11:20,Martlett,055,1F | 10-12,N|A,None,9627
,04/09/2025,11:10,Falcon 7-12,014,1F,N|A,None,9628
,04/09/2025,11:00,Falcon 1-6,014,1F,N|A,None,9629
,28/08/2025,11:50,NorthWood,070,6F REAR,N|A,None,9630
,28/08/2025,11:40,Oak Lodge,064,4F REAR,N|A,None,9631
,04/09/2025,11:30,Merlin,064,6F REAR,N|A,None,9632
,04/09/2025,11:20,Martlett,048,GF | 10-12,N|A,None,9633
,28/08/2025,11:10,Falcon 7-12,003,GF,N|A,None,9634
,28/08/2025,11:00,Falcon 1-6,003,GF,N|A,None,9635
,28/08/2025,11:50,NorthWood,062,5F REAR,N|A,None,9636
,28/08/2025,11:40,Oak Lodge,056,3F REAR,N|A,None,9637
,28/08/2025,11:30,Merlin,058,5F REAR,N|A,None,9638
,28/08/2025,11:20,Martlett,048,GF | 10-12,N|A,None,9639
,28/08/2025,11:10,Falcon 7-12,003,GF,N|A,None,9640
,28/08/2025,11:00,Falcon 1-6,003,GF,N|A,None,9641
,21/08/2025,11:50,NorthWood,054,4F REAR,N|A,None,9642
,21/08/2025,11:40,Oak Lodge,048,2F REAR,N|A,None,9643
,21/08/2025,11:30,Merlin,050,4F REAR,N|A,None,9644
,21/08/2025,11:20,Martlett,044,2F | 7-9,N|A,None,9645
,21/08/2025,11:10,Falcon 7-12,021,2F,N|A,None,9646
,21/08/2025,11:00,Falcon 1-6,021,2F,N|A,None,9647
,14/08/2025,11:50,NorthWood,046,3F REAR,N|A,None,9648
,14/08/2025,11:40,Oak Lodge,L1/40,1F REAR,N|A,None,9649
,14/08/2025,11:30,Merlin,042,3F REAR,N|A,None,9650
,14/08/2025,11:20,Martlett,039,1F | 7-9,N|A,None,9651
,14/08/2025,11:10,Falcon 7-12,014,1F,N|A,None,9652
,14/08/2025,11:00,Falcon 1-6,014,1F,N|A,None,9653
,07/08/2025,11:50,NorthWood,038,2F REAR,N|A,None,9654
,07/08/2025,11:40,Oak Lodge,023,Garage,N|A,None,9655
,07/08/2025,11:30,Merlin,034,2F REAR,N|A,None,9656
,07/08/2025,11:20,Martlett,032,GF | 7-9,N|A,None,9657
,07/08/2025,11:10,Falcon 7-12,003,GF,N|A,None,9658
,07/08/2025,11:00,Falcon 1-6,003,GF,N|A,None,9659
,31/07/2025,11:50,NorthWood,030,1F REAR,N|A,None,9660
,31/07/2025,11:40,Oak Lodge,031,GF REAR,N|A,None,9661
,31/07/2025,11:30,Merlin,026,1F REAR,N|A,None,9662
,31/07/2025,11:20,Martlett,026,2F | 1-6,N|A,None,9663
,31/07/2025,11:10,Falcon 7-12,021,2F,N|A,None,9664
,31/07/2025,11:00,Falcon 1-6,021,2F,N|A,None,9665
,24/07/2025,12:00,NorthWood,020,GF REAR,N|A,None,9666
,24/07/2025,11:50,Oak Lodge,009,LIFT ROOM,N|A,None,9667
,24/07/2025,11:40,Merlin,016,GF REAR,N|A,None,9668
,24/07/2025,11:30,Martlett,019,1F | 1-6,N|A,None,9669
,24/07/2025,11:20,Falcon 7-12,014,1F,N|A,None,9670
,24/07/2025,11:00,Falcon 1-6,014,1F,N|A,None,9671
,17/07/2025,11:50,NorthWood,008,LIFT BASEMENT,N|A,None,9672
,17/07/2025,11:40,Oak Lodge,012,BOILER,N|A,None,9673
,17/07/2025,11:30,Merlin,008,LIFT ROOM,N|A,None,9674
,17/07/2025,11:20,Martlett,007,GF | 1-6,N|A,None,9675
,17/07/2025,11:10,Falcon 7-12,003,GF,N|A,None,9676
,17/07/2025,11:00,Falcon 1-6,003,GF,N|A,None,9677
,17/07/2025,11:50,NorthWood,008,LIFT BASEMENT,N|A,None,9678
,17/07/2025,11:40,Oak Lodge,079,6F,N|A,None,9679
,10/07/2025,11:30,Merlin,020,BOILER,N|A,None,9680
,10/07/2025,11:20,Martlett,007,GF | 1-6,N|A,None,9681
,17/07/2025,11:10,Falcon 7-12,003,GF,N|A,None,9682
,17/07/2025,11:00,Falcon 1-6,003,GF,N|A,None,9683
,10/07/2025,11:50,NorthWood,069,6F,N|A,None,9684
,10/07/2025,11:40,Oak Lodge,079,6F,N|A,None,9685
,10/07/2025,11:30,Merlin,063,6F,N|A,None,9686
,10/07/2025,11:20,Martlett,071,1F | 13-16,N|A,None,9687
,10/07/2025,11:10,Falcon 7-12,014,1F,N|A,None,9688
,10/07/2025,11:00,Falcon 1-6,014,1F,N|A,None,9689
,17/07/2025,11:50,NorthWood,069,6F,N|A,None,9690
,10/07/2025,11:40,Oak Lodge,079,6F,N|A,None,9691
,10/07/2025,11:30,Merlin,063,6F,N|A,None,9692
,10/07/2025,11:20,Martlett,071,1F | 13-16,N|A,None,9693
,10/07/2025,11:10,Falcon 7-12,014,1F,N|A,None,9694
,10/07/2025,11:00,Falcon 1-6,014,1F,N|A,None,9695
,03/07/2025,12:00,NorthWood,061,5F,N|A,None,9696
,03/07/2025,11:50,Oak Lodge,071,5F,N|A,None,9697
,03/07/2025,11:40,Merlin,057,5F,N|A,None,9698
,03/07/2025,11:30,Martlett,064,GF | 13-16,N|A,None,9699
,03/07/2025,11:20,Falcon 7-12,003,GF,N|A,None,9700
,03/07/2025,11:10,Falcon 1-6,003,GF,N|A,None,9701
,26/06/2025,11:50,NorthWood,053,4F,N|A,None,9702
,26/06/2025,11:40,Oak Lodge,063,4F,N|A,None,9703
,26/06/2025,11:30,Merlin,049,4F,N|A,None,9704
,26/06/2025,11:20,Martlett,060,2F | 10-12,N|A,None,9705
,26/06/2025,11:10,Falcon 7-12,021,2F,N|A,None,9706
,26/06/2025,11:00,Falcon 1-6,021,2F,N|A,None,9707
,19/06/2025,12:00,NorthWood,045,3F,N|A,None,9708
,19/06/2025,11:50,Oak Lodge,055,3F,N|A,None,9709
,19/06/2025,11:40,Merlin,041,3F,N|A,None,9710
,19/06/2025,11:30,Martlett,055,1F | 10-12,N|A,None,9711
,19/06/2025,11:20,Falcon 7-12,014,1F,N|A,None,9712
,19/06/2025,11:10,Falcon 1-6,014,1F,N|A,None,9713
,12/06/2025,12:00,NorthWood,037,2F,N|A,None,9714
,12/06/2025,11:50,Oak Lodge,047,2F,N|A,None,9715
,12/06/2025,11:40,Merlin,033,2F,N|A,None,9716
,12/06/2025,11:30,Martlett,048,GF | 10-12,N|A,None,9717
,12/06/2025,11:20,Falcon 7-12,003,GF,N|A,None,9718
,12/06/2025,11:10,Falcon 1-6,003,GF,N|A,None,9719
,05/06/2025,11:50,NorthWood,029,1F,N|A,None,9720
,05/06/2025,11:40,Oak Lodge,039,1F,N|A,None,9721
,05/06/2025,11:30,Merlin,025,1F,N|A,None,9722
,05/06/2025,11:20,Martlett,044,2F | 7-9,N|A,None,9723
,05/06/2025,11:10,Falcon 7-12,021,2F,N|A,None,9724
,05/06/2025,11:00,Falcon 1-6,021,2F,N|A,None,9725
,29/05/2025,11:50,NorthWood,013,GF,N|A,None,9726
,29/05/2025,11:40,Oak Lodge,026,GF,N|A,None,9727
,29/05/2025,11:30,Merlin,009,GF,N|A,None,9728
,29/05/2025,11:20,Martlett,039,1F | 7-9,N|A,None,9729
,29/05/2025,11:10,Falcon 7-12,014,1F,N|A,None,9730
,29/05/2025,11:00,Falcon 1-6,014,1F,N|A,None,9731
,22/05/2025,12:00,NorthWood,070,6F REAR,N|A,None,9732
,22/05/2025,11:50,Oak Lodge,080,6F REAR,N|A,None,9733
,22/05/2025,11:40,Merlin,064,6F REAR,Yes,Device P4/L1 064 Faulty ,9734
,22/05/2025,11:30,Martlett,032,GF | 7-9,N|A,None,9735
,22/05/2025,11:20,Falcon 7-12,003,GF,N|A,None,9736
,22/05/2025,11:10,Falcon 1-6,003,GF,N|A,None,9737
,22/05/2025,12:00,NorthWood,070,6F REAR,N|A,None,9738
,22/05/2025,11:50,Oak Lodge,080,6F REAR,N|A,None,9739
,22/05/2025,11:40,Merlin,064,6F REAR,N|A,None,9740
,22/05/2025,11:30,Martlett,032,GF | 7-9,N|A,None,9741
,22/05/2025,11:20,Falcon 7-12,003,GF,N|A,None,9742
,22/05/2025,11:10,Falcon 1-6,003,GF,N|A,None,9743
,29/05/2025,12:00,NorthWood,070,6F REAR,N|A,None,9744
,22/05/2025,11:50,Oak Lodge,080,6F REAR,N|A,None,9745
,22/05/2025,11:40,Merlin,064,6F REAR,N|A,None,9746
,22/05/2025,11:30,Martlett,032,GF | 7-9,N|A,None,9747
,22/05/2025,11:20,Falcon 7-12,003,GF,N|A,None,9748
,22/05/2025,11:10,Falcon 1-6,003,GF,N|A,None,9749
,15/05/2025,12:00,NorthWood,062,5F REAR,N|A,None,9750
,15/05/2025,11:50,Oak Lodge,072,5F REAR,N|A,None,9751
,15/05/2025,11:40,Merlin,058,5F REAR,N|A,None,9752
,15/05/2025,11:30,Martlett,026,2F | 1-6,N|A,None,9753
,15/05/2025,11:20,Falcon 7-12,021,2F,N|A,None,9754
,15/05/2025,11:10,Falcon 1-6,021,2F,N|A,None,9755
,08/05/2025,11:50,NorthWood,054,4F REAR,N|A,None,9756
,08/05/2025,11:40,Oak Lodge,064,4F REAR,N|A,None,9757
,08/05/2025,11:30,Merlin,050,4F REAR,N|A,None,9758
,08/05/2025,11:20,Martlett,019,1F | 1-6,N|A,None,9759
,08/05/2025,11:10,Falcon 7-12,014,1F,N|A,None,9760
,08/05/2025,11:00,Falcon 1-6,014,1F,N|A,None,9761
,01/05/2025,11:50,NorthWood,054,4F REAR,N|A,None,9762
,08/05/2025,11:40,Oak Lodge,064,4F REAR,N|A,None,9763
,08/05/2025,11:30,Merlin,050,4F REAR,N|A,None,9764
,08/05/2025,11:20,Martlett,019,1F | 1-6,N|A,None,9765
,08/05/2025,11:10,Falcon 7-12,014,1F,N|A,None,9766
,08/05/2025,11:00,Falcon 1-6,014,1F,N|A,None,9767
,01/05/2025,11:50,NorthWood,046,3F REAR,N|A,None,9768
,01/05/2025,11:40,Oak Lodge,056,3F REAR,N|A,None,9769
,01/05/2025,11:30,Merlin,042,3F REAR,N|A,None,9770
,01/05/2025,11:20,Martlett,007,GF | 1-6,N|A,None,9771
,01/05/2025,11:10,Falcon 7-12,003,GF,N|A,None,9772
,01/05/2025,11:00,Falcon 1-6,003,GF,N|A,None,9773
,24/04/2025,12:50,NorthWood,038,2F REAR,N|A,None,9774
,24/04/2025,12:40,Oak Lodge,048,2F REAR,N|A,None,9775
,24/04/2025,12:30,Merlin,034,2F REAR,N|A,None,9776
,24/04/2025,12:20,Martlett,076,2F | 13-16,N|A,None,9777
,24/04/2025,12:10,Falcon 7-12,021,2F,N|A,None,9778
,24/04/2025,12:00,Falcon 1-6,021,2F,N|A,None,9779
,01/05/2025,11:50,NorthWood,046,3F REAR,N|A,None,9780
,01/05/2025,11:40,Oak Lodge,056,3F REAR,N|A,None,9781
,01/05/2025,11:30,Merlin,042,3F REAR,N|A,None,9782
,01/05/2025,11:20,Martlett,007,GF | 1-6,N|A,None,9783
,01/05/2025,11:10,Falcon 7-12,003,GF,N|A,None,9784
,01/05/2025,11:00,Falcon 1-6,003,GF,N|A,None,9785
,24/04/2025,11:50,NorthWood,046,3F REAR,N|A,None,9786
,01/05/2025,11:40,Oak Lodge,056,3F REAR,N|A,None,9787
,01/05/2025,11:30,Merlin,042,3F REAR,N|A,None,9788
,01/05/2025,11:20,Martlett,007,GF | 1-6,N|A,None,9789
,01/05/2025,11:10,Falcon 7-12,003,GF,N|A,None,9790
,01/05/2025,11:00,Falcon 1-6,003,GF,N|A,None,9791
,24/04/2025,12:50,NorthWood,038,2F REAR,N|A,None,9792
,24/04/2025,12:40,Oak Lodge,048,2F REAR,N|A,None,9793
,24/04/2025,12:30,Merlin,034,2F REAR,N|A,None,9794
,24/04/2025,12:20,Martlett,076,2F | 13-16,N|A,None,9795
,24/04/2025,12:10,Falcon 7-12,021,2F,N|A,None,9796
,24/04/2025,12:00,Falcon 1-6,021,2F,N|A,None,9797
,17/04/2025,12:10,NorthWood,030,1F REAR,N|A,None,9798
,17/04/2025,12:00,Oak Lodge,L1/40,1F REAR,N|A,None,9799
,17/04/2025,11:50,Merlin,026,1F REAR,N|A,None,9800
,17/04/2025,11:40,Martlett,071,1F | 13-16,N|A,None,9801
,17/04/2025,11:30,Falcon 7-12,014,1F,N|A,None,9802
,17/04/2025,11:20,Falcon 1-6,014,1F,N|A,None,9803
,03/04/2025,12:00,NorthWood,008,LIFT BASEMENT,N|A,None,9804
,03/04/2025,11:50,Oak Lodge,009,LIFT ROOM,N|A,None,9805
,03/04/2025,11:40,Merlin,008,LIFT ROOM,N|A,None,9806
,03/04/2025,11:30,Martlett,060,2F | 10-12,N|A,None,9807
,03/04/2025,11:20,Falcon 7-12,021,2F,N|A,None,9808
,03/04/2025,11:10,Falcon 1-6,021,2F,N|A,None,9809
,10/04/2025,12:00,NorthWood,020,GF REAR,N|A,None,9810
,10/04/2025,11:50,Oak Lodge,031,GF REAR,N|A,None,9811
,10/04/2025,11:40,Merlin,016,GF REAR,N|A,None,9812
,10/04/2025,11:30,Martlett,064,GF | 13-16,N|A,None,9813
,10/04/2025,11:20,Falcon 7-12,003,GF,N|A,None,9814
,10/04/2025,11:10,Falcon 1-6,003,GF,N|A,None,9815
,03/04/2025,11:50,Oak Lodge,009,LIFT ROOM,N|A,None,9816
,03/04/2025,11:40,Merlin,008,LIFT ROOM,N|A,None,9817
,03/04/2025,11:30,Martlett,060,2F | 10-12,N|A,None,9818
,03/04/2025,11:20,Falcon 7-12,021,2F,N|A,None,9819
,03/04/2025,11:10,Falcon 1-6,021,2F,N|A,None,9820
,03/04/2025,11:50,Oak Lodge,009,LIFT ROOM,N|A,None,9821
,03/04/2025,11:40,Merlin,008,LIFT ROOM,N|A,None,9822
,03/04/2025,11:30,Martlett,060,2F | 10-12,N|A,None,9823
,03/04/2025,11:20,Falcon 7-12,021,2F,N|A,None,9824
,03/04/2025,11:10,Falcon 1-6,021,2F,N|A,None,9825
,27/03/2025,12:10,NorthWood,021,BOILER,N|A,None,9826
,27/03/2025,12:00,Oak Lodge,012,BOILER,N|A,None,9827
,27/03/2025,11:50,Merlin,020,BOILER,N|A,None,9828
,27/03/2025,11:40,Martlett,055,1F | 10-12,N|A,None,9829
,27/03/2025,11:30,Falcon 7-12,014,1F,N|A,None,9830
,27/03/2025,11:20,Falcon 1-6,014,1F,N|A,None,9831
,20/03/2025,13:50,NorthWood,069,6F,N|A,None,9832
,20/03/2025,13:40,Oak Lodge,079,6F,N|A,None,9833
,20/03/2025,13:30,Merlin,063,6F,N|A,None,9834
,20/03/2025,13:20,Martlett,048,GF | 10-12,N|A,None,9835
,20/03/2025,13:10,Falcon 7-12,003,GF,N|A,None,9836
,20/03/2025,13:00,Falcon 1-6,003,GF,N|A,None,9837
,13/03/2025,11:50,NorthWood,061,5F,N|A,None,9838
,13/03/2025,11:40,Oak Lodge,071,5F,N|A,None,9839
,13/03/2025,11:30,Merlin,057,5F,N|A,None,9840
,13/03/2025,11:20,Martlett,044,2F | 7-9,N|A,None,9841
,13/03/2025,11:10,Falcon 7-12,021,2F,N|A,None,9842
,13/03/2025,11:00,Falcon 1-6,021,2F,N|A,None,9843
,20/03/2025,11:50,NorthWood,069,6F,N|A,None,9844
,13/03/2025,11:40,Oak Lodge,071,5F,N|A,None,9845
,13/03/2025,11:30,Merlin,057,5F,N|A,None,9846
,13/03/2025,11:20,Martlett,044,2F | 7-9,N|A,None,9847
,13/03/2025,11:10,Falcon 7-12,021,2F,N|A,None,9848
,13/03/2025,11:00,Falcon 1-6,021,2F,N|A,None,9849
,06/03/2025,11:50,NorthWood,053,4F,N|A,None,9850
,06/03/2025,11:40,Oak Lodge,063,4F,N|A,None,9851
,06/03/2025,11:30,Merlin,049,4F,N|A,None,9852
,06/03/2025,11:20,Martlett,039,1F | 7-9,N|A,None,9853
,06/03/2025,11:10,Falcon 7-12,014,1F,N|A,None,9854
,06/03/2025,11:00,Falcon 1-6,014,1F,N|A,None,9855
,27/02/2025,12:10,NorthWood,045,3F,N|A,None,9856
,27/02/2025,12:00,Oak Lodge,055,3F,N|A,None,9857
,27/02/2025,11:50,Merlin,041,3F,N|A,None,9858
,27/02/2025,11:40,Martlett,032,GF | 7-9,N|A,None,9859
,27/02/2025,11:30,Falcon 7-12,003,GF,N|A,None,9860
,27/02/2025,11:20,Falcon 1-6,003,GF,N|A,None,9861
,20/02/2025,11:40,NorthWood,037,2F,N|A,None,9862
,20/02/2025,11:40,Oak Lodge,047,2F,N|A,None,9863
,20/02/2025,11:30,Merlin,033,2F,N|A,None,9864
,20/02/2025,11:20,Martlett,026,2F | 1-6,N|A,None,9865
,20/02/2025,11:10,Falcon 7-12,021,2F,N|A,None,9866
,20/02/2025,11:00,Falcon 1-6,021,2F,N|A,None,9867
,13/02/2025,12:00,NorthWood,029,1F,N|A,None,9868
,13/02/2025,11:50,Oak Lodge,039,1F,N|A,None,9869
,13/02/2025,11:40,Merlin,025,1F,N|A,None,9870
,13/02/2025,11:30,Martlett,019,1F | 1-6,N|A,None,9871
,13/02/2025,11:20,Falcon 7-12,014,1F,N|A,None,9872
,13/02/2025,11:00,Falcon 1-6,014,1F,N|A,None,9873
,06/02/2025,11:50,NorthWood,013,GF,N|A,None,9874
,06/02/2025,11:40,Oak Lodge,026,GF,N|A,None,9875
,06/02/2025,11:30,Merlin,009,GF,N|A,None,9876
,06/02/2025,11:20,Martlett,007,GF | 1-6,N|A,None,9877
,06/02/2025,11:10,Falcon 7-12,003,GF,N|A,None,9878
,06/02/2025,11:00,Falcon 1-6,003,GF,N|A,None,9879
,30/01/2025,12:30,NorthWood,070,6F REAR,N|A,None,9880
,30/01/2025,12:20,Oak Lodge,080,6F REAR,N|A,None,9881
,30/01/2025,12:10,Merlin,064,6F REAR,N|A,None,9882
,30/01/2025,12:00,Martlett,076,2F | 13-16,N|A,None,9883
,30/01/2025,11:50,Falcon 7-12,021,2F,N|A,None,9884
,30/01/2025,11:40,Falcon 1-6,021,2F,N|A,None,9885
,23/01/2025,12:10,NorthWood,070,6F REAR,N|A,None,9886
,23/01/2025,12:00,Oak Lodge,080,6F REAR,N|A,None,9887
,23/01/2025,11:50,Merlin,064,6F REAR,N|A,None,9888
,23/01/2025,11:40,Martlett,076,2F | 13-16,N|A,None,9889
,23/01/2025,11:30,Falcon 7-12,021,2F,N|A,None,9890
,23/01/2025,11:20,Falcon 1-6,021,2F,N|A,None,9891
,16/01/2025,12:35,NorthWood,062,5F REAR,N|A,None,9892
,16/01/2025,12:25,Oak Lodge,072,5F REAR,N|A,None,9893
,16/01/2025,12:15,Merlin,058,5F REAR,N|A,None,9894
,16/01/2025,12:00,Martlett,071,1F | 13-16,N|A,None,9895
,16/01/2025,11:50,Falcon 7-12,014,1F,N|A,None,9896
,16/01/2025,11:40,Falcon 1-6,014,1F,N|A,None,9897
,09/01/2025,12:00,NorthWood,054,4F REAR,N|A,None,9898
,09/01/2025,11:50,Oak Lodge,064,4F REAR,N|A,None,9899
,09/01/2025,11:40,Merlin,050,4F REAR,N|A,None,9900
,09/01/2025,11:30,Martlett,064,GF | 13-16,N|A,None,9901
,09/01/2025,11:20,Falcon 7-12,003,GF,N|A,None,9902
,09/01/2025,11:10,Falcon 1-6,003,GF,N|A,None,9903
,01/02/2025,11:50,NorthWood,046,3F REAR,N|A,None,9904
,01/02/2025,11:40,Oak Lodge,056,3F REAR,N|A,None,9905
,01/02/2025,11:30,Merlin,042,3F REAR,N|A,None,9906
,01/02/2025,11:20,Martlett,060,2F | 10-12,N|A,None,9907
,01/02/2025,11:10,Falcon 7-12,021,2F,N|A,None,9908
,01/02/2025,11:00,Falcon 1-6,021,2F,N|A,None,9909
,26/12/2024,12:00,NorthWood,038,2F REAR,N|A,None,9910
,26/12/2024,11:50,Oak Lodge,048,2F REAR,N|A,None,9911
,26/12/2024,11:40,Merlin,034,2F REAR,N|A,None,9912
,26/12/2024,11:25,Martlett,055,1F | 10-12,N|A,None,9913
,26/12/2024,11:10,Falcon 7-12,014,1F,N|A,None,9914
,26/12/2024,11:00,Falcon 1-6,014,1F,N|A,None,9915
,19/12/2024,12:20,NorthWood,008,LIFT BASEMENT,N|A,None,9916
,19/12/2024,12:10,Oak Lodge,009,LIFT ROOM,N|A,None,9917
,19/12/2024,12:00,Merlin,008,LIFT ROOM,N|A,None,9918
,19/12/2024,11:50,Martlett,060,2F | 10-12,N|A,None,9919
,19/12/2024,11:40,Falcon 7-12,021,2F,N|A,None,9920
,19/12/2024,11:30,Falcon 1-6,021,2F,N|A,None,9921
,12/12/2024,12:35,NorthWood,021,BOILER,N|A,None,9922
,12/12/2024,12:25,Oak Lodge,012,BOILER,N|A,None,9923
,12/12/2024,12:15,Merlin,020,BOILER,N|A,None,9924
,12/12/2024,12:00,Martlett,055,1F | 10-12,N|A,None,9925
,12/12/2024,11:50,Falcon 7-12,014,1F,N|A,None,9926
,12/12/2024,11:40,Falcon 1-6,014,1F,N|A,None,9927
,05/12/2024,12:25,NorthWood,069,6F,N|A,None,9928
,05/12/2024,12:15,Oak Lodge,079,6F,N|A,None,9929
,05/12/2024,12:00,Merlin,063,6F,N|A,None,9930
,05/12/2024,11:50,Martlett,048,GF | 10-12,N|A,None,9931
,05/12/2024,11:40,Falcon 7-12,003,GF,N|A,None,9932
,05/12/2024,11:30,Falcon 1-6,003,GF,N|A,None,9933
,28/11/2024,12:10,NorthWood,061,5F,N|A,None,9934
,28/11/2024,11:55,Oak Lodge,071,5F,N|A,None,9935
,28/11/2024,11:45,Merlin,057,5F,N|A,None,9936
,28/11/2024,11:35,Martlett,044,2F | 7-9,N|A,None,9937
,28/11/2024,11:20,Falcon 7-12,021,2F,N|A,None,9938
,28/11/2024,11:10,Falcon 1-6,021,2F,N|A,None,9939
,21/11/2024,12:00,NorthWood,053,4F,N|A,None,9940
,21/11/2024,11:50,Oak Lodge,063,4F,N|A,None,9941
,21/11/2024,11:40,Merlin,049,4F,N|A,None,9942
,21/11/2024,11:30,Martlett,039,1F | 7-9,N|A,None,9943
,21/11/2024,11:20,Falcon 7-12,014,1F,N|A,None,9944
,21/11/2024,11:10,Falcon 1-6,014,1F,N|A,None,9945
,14/11/2024,12:10,Oak Lodge,055,3F,N|A,None,9946
,14/11/2024,12:00,Oak Lodge,055,3F,N|A,None,9947
,14/11/2024,11:50,Merlin,041,3F,N|A,None,9948
,14/11/2024,11:40,Martlett,032,GF | 7-9,N|A,None,9949
,14/11/2024,11:25,Falcon 7-12,003,GF,N|A,None,9950
,14/11/2024,11:10,Falcon 1-6,003,GF,N|A,None,9951
,07/11/2024,12:20,NorthWood,037,2F,N|A,None,9952
,07/11/2024,12:15,Oak Lodge,047,2F,N|A,None,9953
,07/11/2024,12:10,Merlin,033,2F,N|A,None,9954
,07/11/2024,12:30,Martlett,026,2F | 1-6,N|A,None,9955
,07/11/2024,11:50,Falcon 7-12,021,2F,N|A,None,9956
,07/11/2024,11:40,Falcon 1-6,021,2F,N|A,None,9957
,31/10/2024,12:20,NorthWood,029,1F,N|A,None,9958
,31/10/2024,12:10,Oak Lodge,039,1F,N|A,None,9959
,31/10/2024,12:00,Merlin,025,1F,N|A,None,9960
,31/10/2024,11:50,Martlett,019,1F | 1-6,N|A,None,9961
,31/10/2024,11:40,Falcon 7-12,014,1F,N|A,None,9962
,31/10/2024,11:30,Falcon 1-6,014,1F,N|A,None,9963
,24/10/2024,12:30,NorthWood,013,GF,N|A,None,9964
,24/10/2024,12:20,Oak Lodge,036,GF,N|A,None,9965
,24/10/2024,12:10,Merlin,009,GF,N|A,None,9966
,24/10/2024,12:00,Martlett,007,GF | 1-6,N|A,None,9967
,24/10/2024,11:50,Falcon 7-12,003,GF,N|A,None,9968
,24/10/2024,11:40,Falcon 1-6,003,GF,N|A,None,9969
,17/10/2024,11:50,NorthWood,070,6F REAR,N|A,None,9970
,17/10/2024,11:40,Oak Lodge,080,6F REAR,N|A,None,9971
,17/10/2024,11:30,Merlin,064,6F REAR,N|A,None,9972
,17/10/2024,11:20,Martlett,076,2F | 13-16,N|A,None,9973
,17/10/2024,11:10,Falcon 7-12,021,2F,N|A,None,9974
,17/10/2024,11:00,Falcon 1-6,021,2F,N|A,None,9975
,10/10/2024,12:10,NorthWood,062,5F REAR,N|A,None,9976
,10/10/2024,12:00,Oak Lodge,072,5F REAR,N|A,None,9977
,10/10/2024,11:50,Merlin,058,5F REAR,N|A,None,9978
,10/10/2024,11:40,Martlett,071,1F | 13-16,N|A,None,9979
,10/10/2024,11:30,Falcon 7-12,014,1F,N|A,None,9980
,10/10/2024,11:20,Falcon 1-6,014,1F,N|A,None,9981
,03/10/2024,11:50,NorthWood,054,4F REAR,N|A,None,9982
,03/10/2024,11:40,Oak Lodge,064,4F REAR,N|A,None,9983
,03/10/2024,11:30,Merlin,050,4F REAR,N|A,None,9984
,03/10/2024,11:20,Martlett,064,GF | 13-16,N|A,None,9985
,03/10/2024,11:10,Falcon 7-12,003,GF,N|A,None,9986
,03/10/2024,11:00,Falcon 1-6,003,GF,N|A,None,9987
,26/09/2024,12:20,NorthWood,046,3F REAR,N|A,None,9988
,26/09/2024,12:10,Oak Lodge,056,3F REAR,N|A,None,9989
,26/09/2024,12:00,Merlin,042,3F REAR,N|A,None,9990
,26/09/2024,11:50,Martlett,060,2F | 10-12,N|A,None,9991
,26/09/2024,11:40,Falcon 7-12,021,2F,N|A,None,9992
,26/09/2024,11:30,Falcon 1-6,021,2F,N|A,None,9993
,19/09/2024,12:30,NorthWood,038,2F REAR,N|A,None,9994
,19/09/2024,12:20,Oak Lodge,048,2F REAR,N|A,None,9995
,19/09/2024,12:10,Merlin,034,2F REAR,N|A,None,9996
,19/09/2024,12:00,Martlett,055,1F | 10-12,N|A,None,9997
,19/09/2024,11:50,Falcon 7-12,014,1F,N|A,None,9998
,19/09/2024,11:40,Falcon 1-6,014,1F,N|A,None,9999